<wpml-config>
	<custom-types>
		<custom-type translate="1">portfolio</custom-type>
	</custom-types>
	<taxonomies>
		<taxonomy translate="1">portfolio-category</taxonomy>
	</taxonomies>
	<admin-texts>
		<key name="brando_theme_setting">
			<key name="brando_header_subtitle" />
			<key name="404_title_text" />
			<key name="404_content_text" />
			<key name="404_button" />
			<key name="brando_general_button_text" />
			<key name="brando_footer_text" />
			<key name="brando_footer_copyright" />
			<key name="brando_blog_page_title" />
			<key name="brando_blog_page_subtitle" />
            <key name="brando_portfolio_cat_title" />
            <key name="brando_portfolio_url_slug" />
            <key name="brando_portfolio_categories_url_slug" />
            <key name="brando_portfolio_tags_url_slug" />
            <key name="brando_blog_page_button_text" />
            <key name="brando_header_subtitle_portfolio" />
            <key name="brando_logo_url_general" />
            <key name="brando_logo_url" />
		</key>
	</admin-texts>
      <shortcodes>
         <shortcode>
             <tag>brando_accordian_content</tag>
             <attributes>
                 <attribute>accordian_title</attribute>
                 <attribute>string</attribute>
             </attributes>
         </shortcode>
         <shortcode>
             <tag>brando_alert_massage</tag>
             <attributes>
                 <attribute>brando_highlight_title</attribute>
                 <attribute>brando_subtitle</attribute>
             </attributes>
         </shortcode>
         <shortcode>
             <tag>brando_award_box_content</tag>
             <attributes>
                 <attribute>brando_title</attribute>
                 <attribute>string</attribute>
             </attributes>
         </shortcode>
         <shortcode>
             <tag>brando_blockquote</tag>
             <attributes>
                 <attribute>string</attribute>
                 <attribute>brando_blockquote_heading</attribute>
             </attributes>
         </shortcode>
         <shortcode>
             <tag>brando_blog</tag>
             <attributes>
                 <attribute>brando_button_text</attribute>
             </attributes>
         </shortcode>
         <shortcode>
             <tag>brando_button</tag>
             <attributes>
                 <attribute>button_sub_text</attribute>
                 <attribute>button_text</attribute>
             </attributes>
         </shortcode>
         <shortcode>
             <tag>brando_coming_soon</tag>
             <attributes>
                 <attribute>string</attribute>
                 <attribute>brando_coming_soon_title</attribute>
                 <attribute>brando_custom_newsletter</attribute>
                 <attribute>brando_coming_soon_notify_placeholder</attribute>
                 <attribute>brando_coming_soon_notify_me_fb_url</attribute>
                 <attribute>brando_coming_soon_notify_me_tw_url</attribute>
                 <attribute>brando_coming_soon_notify_me_gp_url</attribute>
                 <attribute>brando_coming_soon_notify_me_dr_url</attribute>
                 <attribute>brando_coming_soon_notify_me_yt_url</attribute>
                 <attribute>brando_coming_soon_notify_me_li_url</attribute>
                 <attribute>brando_coming_soon_notify_me_pi_url</attribute>
                 <attribute>brando_coming_soon_notify_me_be_url</attribute>
                 <attribute>brando_coming_soon_custom_link</attribute>
                 <attribute>brando_time_counter_days_text</attribute>
                 <attribute>brando_time_counter_hours_text</attribute>
                 <attribute>brando_time_counter_minutes_text</attribute>
                 <attribute>brando_time_counter_seconds_text</attribute>
             </attributes>
         </shortcode>
         <shortcode>
             <tag>brando_content_block</tag>
             <attributes>
                 <attribute>brando_small_title</attribute>
                 <attribute>brando_title</attribute>
                 <attribute>brando_subtitle</attribute>
                 <attribute>brando_dis_text</attribute>
                 <attribute>brando_year_text</attribute>
                 <attribute>brando_link</attribute>
                 <attribute>string</attribute>
                 <attribute>button_config</attribute>
                 <attribute>second_button_config</attribute>
                 <attribute>brando_email</attribute>
                 <attribute>brando_number1</attribute>
                 <attribute>brando_text1</attribute>
                 <attribute>brando_number2</attribute>
                 <attribute>brando_text2</attribute>
                 <attribute>brando_number3</attribute>
                 <attribute>brando_text3</attribute>
                 <attribute>brando_number4</attribute>
                 <attribute>brando_text4</attribute>
             </attributes>
         </shortcode>
         <shortcode>
             <tag>brando_counter_or_skill</tag>
             <attributes>
                 <attribute>title</attribute>
             </attributes>
         </shortcode>
         <shortcode>
             <tag>brando_feature_box</tag>
             <attributes>
                 <attribute>brando_number</attribute>
                 <attribute>brando_price</attribute>
                 <attribute>brando_feature_title</attribute>
                 <attribute>brando_feature_subtitle</attribute>
                 <attribute>brando_button_text</attribute>
                 <attribute>string</attribute>
                 <attribute>brando_link</attribute>
             </attributes>
         </shortcode>
         <shortcode>
             <tag>brando_simple_image</tag>
             <attributes>
                 <attribute>brando_url</attribute>
             </attributes>
         </shortcode>
         <shortcode>
             <tag>brando_slide_content</tag>
             <attributes>
                 <attribute>title</attribute>
                 <attribute>button_config</attribute>
                 <attribute>single_image_mp4_video</attribute>
                 <attribute>single_image_ogg_video</attribute>
                 <attribute>single_image_webm_video</attribute>
                 <attribute>string</attribute>
                 <attribute>external_video_url</attribute>
             </attributes>
         </shortcode>
          <shortcode>
             <tag>brando_popup</tag>
             <attributes>
                 <attribute>popup_button_config</attribute>
                 <attribute>popup_button_config_youtube</attribute>
                 <attribute>popup_form_id</attribute>
                 <attribute>string</attribute>
             </attributes>
         </shortcode>
         <shortcode>
             <tag>brando_portfolio</tag>
             <attributes>
                 <attribute>button_text</attribute>
                 <attribute>load_more_button_text</attribute>
             </attributes>
         </shortcode>
         <shortcode>
             <tag>brando_progress_content</tag>
             <attributes>
                 <attribute>progress_title</attribute>
                 <attribute>progress_subtitle</attribute>
             </attributes>
         </shortcode>
         <shortcode>
             <tag>brando_restaurant_menu</tag>
             <attributes>
                 <attribute>brando_title</attribute>
                 <attribute>brando_subtitle</attribute>
             </attributes>
         </shortcode>
         <shortcode>
             <tag>brando_restaurant_menu_content</tag>
             <attributes>
                 <attribute>brando_menuitem_title</attribute>
                 <attribute>string</attribute>
             </attributes>
         </shortcode>
         <shortcode>
             <tag>brando_section_heading</tag>
             <attributes>
                 <attribute>brando_heading</attribute>
             </attributes>
         </shortcode>
         <shortcode>
             <tag>brando_image_block</tag>
             <attributes>
                 <attribute>brando_title</attribute>
                 <attribute>string</attribute>
                 <attribute>button_config</attribute>
                 <attribute>single_image_mp4_video</attribute>
                 <attribute>single_image_ogg_video</attribute>
                 <attribute>single_image_webm_video</attribute>
                 <attribute>external_video_url</attribute>
             </attributes>
         </shortcode>
         <shortcode>
             <tag>brando_tab_content</tag>
             <attributes>
                 <attribute>brando_tab_content_left_title</attribute>
                 <attribute>brando_number</attribute>
                 <attribute>brando_tab_sub_title</attribute>
                 <attribute>brando_tab_location</attribute>
                 <attribute>brando_tab_content_left_content</attribute>
                 <attribute>brando_tab_content_right_title</attribute>
                 <attribute>string</attribute>
                 <attribute>brando_link</attribute>
                 <attribute>brando_button_text</attribute>
                 <attribute>brando_tab_content_bottom_title</attribute>
             </attributes>
         </shortcode>
         <shortcode>
             <tag>vc_tab</tag>
             <attributes>
                 <attribute>title</attribute>
             </attributes>
         </shortcode>
         <shortcode>
             <tag>brando_team_member</tag>
             <attributes>
                 <attribute>brando_member_name</attribute>
                 <attribute>brando_member_link</attribute>
                 <attribute>brando_member_subtitle</attribute>
                 <attribute>brando_member_des</attribute>
                 <attribute>string</attribute>
                 <attribute>brando_facebook_url</attribute>
                 <attribute>brando_twitter_url</attribute>
                 <attribute>brando_gplus_url</attribute>
                 <attribute>brando_linkedin_url</attribute>
                 <attribute>brando_pinterest_url</attribute>
                 <attribute>brando_email_url</attribute>
                 <attribute>brando_behance_url</attribute>
                 <attribute>brando_team_member_custom_link</attribute>
             </attributes>
         </shortcode>
         <shortcode>
             <tag>brando_testimonial</tag>
             <attributes>
                 <attribute>brando_testimonial_quotes</attribute>
                 <attribute>brando_testimonial_title</attribute>
                 <attribute>string</attribute>
                 <attribute>brando_author_name</attribute>
                 <attribute>brando_author_des</attribute>
                 <attribute>brando_facebook_url</attribute>
                 <attribute>brando_twitter_url</attribute>
                 <attribute>brando_gplus_url</attribute>
                 <attribute>button_config</attribute>
                 <attribute>brando_testimonial_custom_link</attribute>
             </attributes>
         </shortcode>
          <shortcode>
             <tag>brando_testimonial_slider_content</tag>
             <attributes>
                 <attribute>brando_title</attribute>
                 <attribute>string</attribute>
             </attributes>
         </shortcode>
         <shortcode>
             <tag>vc_column_text</tag>
             <attributes>
                 <attribute>string</attribute>
             </attributes>
         </shortcode>
         <shortcode>
             <tag>brando_video_sound</tag>
             <attributes>
                 <attribute>brando_vimeo_id</attribute>
                 <attribute>brando_youtube_url</attribute>
                 <attribute>brando_track_id</attribute>
                 <attribute>mp4_video</attribute>
                 <attribute>ogg_video</attribute>
                 <attribute>webm_video</attribute>
             </attributes>
         </shortcode>
      </shortcodes>
</wpml-config>